segment_label,customer_count,total_revenue,avg_margin,avg_risk_score,default_rate
Growth Potential,40,28319883.53,0.14904,4.098911081718771,0.075
High Value / Low Risk,52,51145125.91,0.1749019230769231,3.9725310201898285,0.09615384615384616
High Value / Watchlist,8,11163055.5,0.1284375,4.185390817053829,0.0
Low Value / Stable,20,9372983.1,0.153195,4.071131096288088,0.05
