segment_id,segment_name,number_of_customers,total_revenue,total_exposure,avg_margin,avg_payment_delay,overdue_amount,high_risk_customer_share,default_rate,exposure_utilization,recommended_action
3,Growth Potential Customers,52,39732329.49,20752283.7,0.1512826923076923,11.165384615384616,898227.89,0.038461538461538464,0.038461538461538464,0.7608593423261242,"Maintain engagement, growth opportunities"
5,High-Risk Low-Margin Customers,27,21641486.58,11492711.08,0.08067407407407406,13.525925925925925,1188652.54,0.037037037037037035,0.037037037037037035,0.7094717573853692,"Maintain engagement, growth opportunities"
4,Late-Paying Watchlist,50,44985841.31,26505848.04,0.175398,14.242,2468801.5,0.06,0.06,0.8030494217968938,"Maintain engagement, growth opportunities"
6,New / Limited-History Customers,12,7765388.94,4150846.5799999996,0.15515833333333334,12.799999999999999,223770.75,0.08333333333333333,0.08333333333333333,0.7351436174223913,"Maintain engagement, growth opportunities"
2,Stable Low-Risk Customers,6,4759354.06,2814576.39,0.13965,1.8833333333333335,41499.21,0.0,0.0,0.6932649585367061,"Maintain engagement, growth opportunities"
1,Strategic High-Value Customers,3,3980368.36,2081507.79,0.19363333333333332,5.733333333333333,54211.630000000005,0.3333333333333333,0.3333333333333333,0.7345563630861198,"Portfolio reduction, exit planning"
